{"cameraMode":{"drawMode":0,"name":"Shaded","section":"Shading Mode"},"sceneLighting":true,"audioPlay":false,"sceneViewState":{"m_AlwaysRefresh":false,"showFog":true,"showSkybox":true,"showFlares":true,"showImageEffects":true,"showParticleSystems":true,"showVisualEffectGraphs":true,"m_FxEnabled":true},"in2DMode":false,"pivot":{"x":7.8176093101501469,"y":0.6630051732063294,"z":-31.003297805786134},"rotation":{"x":0.1839824914932251,"y":-0.7317583560943604,"z":0.21741721034049989,"w":0.6192232370376587},"size":3.7924530506134035,"orthographic":false}